<?xml version="1.0" encoding="UTF-8" ?>
<modification>
  <name>Add to Cart Protector</name>
  <version>1</version>
  <code>add_to_cart_protector</code>
  <author>M. Furkan Yılmaz</author>
  <link>https://mfurkanyilmaz.com</link>

  <file path="catalog/controller/checkout/cart.php">
    <operation info="Cart PHP Edit">
      <search><![CDATA[$product_info = $this->model_catalog_product->getProduct($product_id);]]></search>
      <ignoreif><![CDATA[if($this->request->post['quantity']>$product_info['quantity']){
			$json['error']=$this->language->get('error_stock');
			$this->response->addHeader('Content-Type: application/json');
			$this->response->setOutput(json_encode($json));
		}]]></ignoreif>
      <add position="after"><![CDATA[if($this->request->post['quantity']>$product_info['quantity']){
			$json['error']=$this->language->get('error_stock');
			$this->response->addHeader('Content-Type: application/json');
			$this->response->setOutput(json_encode($json));
		}]]></add>
    </operation>

  </file>

  <file path="catalog/view/theme/*/template/product/product.*">
    <operation info="Product Page Edit">
      <search><![CDATA[if (json['error']) {]]></search>
      <ignoreif><![CDATA[        	$('#button-cart').after('<div id="quantity-alert" class="alert-danger text-center">' + json['error'] + '</div>'); 
          $('#button-cart').removeClass('btn-primary');
          $('#button-cart').addClass('btn-danger');
          setTimeout(
          function() 
          {
            $('#button-cart').removeClass('btn-danger');
            $('#button-cart').addClass('btn-primary');
            $('#quantity-alert').remove();
          }, 3000);]]></ignoreif>
      <add position="after"><![CDATA[        	$('#button-cart').after('<div id="quantity-alert" class="alert-danger text-center">' + json['error'] + '</div>'); 
          $('#button-cart').removeClass('btn-primary');
          $('#button-cart').addClass('btn-danger');
          setTimeout(
          function() 
          {
            $('#button-cart').removeClass('btn-danger');
            $('#button-cart').addClass('btn-primary');
            $('#quantity-alert').remove();
          }, 3000);]]></add>
    </operation>

  </file>
</modification>